{"cameraMode":{"drawMode":0,"name":"Shaded","section":"Shading Mode"},"sceneLighting":false,"audioPlay":false,"sceneViewState":{"m_AlwaysRefresh":false,"showFog":true,"showSkybox":true,"showFlares":true,"showImageEffects":true,"showParticleSystems":true,"showVisualEffectGraphs":true,"m_FxEnabled":true},"in2DMode":false,"pivot":{"x":-0.22322607040405274,"y":1.572063684463501,"z":-1.6607818603515626},"rotation":{"x":0.005806442350149155,"y":0.9940319061279297,"z":-0.06750847399234772,"w":0.08549894392490387},"size":2.5476233959198,"orthographic":false}