{"cameraMode":{"drawMode":0,"name":"Shaded","section":"Shading Mode"},"sceneLighting":false,"audioPlay":false,"sceneViewState":{"m_AlwaysRefresh":false,"showFog":true,"showSkybox":true,"showFlares":true,"showImageEffects":true,"showParticleSystems":true,"showVisualEffectGraphs":true,"m_FxEnabled":true},"in2DMode":false,"pivot":{"x":-3.6675970554351808,"y":-1.4160306453704835,"z":-3.3075811862945558},"rotation":{"x":-0.07434035837650299,"y":0.9162371754646301,"z":-0.20134100317955018,"w":-0.33829832077026369},"size":4.920387268066406,"orthographic":false}