{"cameraMode":{"drawMode":0,"name":"Shaded","section":"Shading Mode"},"sceneLighting":false,"audioPlay":false,"sceneViewState":{"m_AlwaysRefresh":false,"showFog":true,"showSkybox":true,"showFlares":true,"showImageEffects":true,"showParticleSystems":true,"showVisualEffectGraphs":true,"m_FxEnabled":true},"in2DMode":false,"pivot":{"x":-0.9206582307815552,"y":2.3737988471984865,"z":-1.4022172689437867},"rotation":{"x":0.0014252426335588098,"y":0.9951752424240112,"z":0.014620702713727951,"w":-0.09703585505485535},"size":3.6920478343963625,"orthographic":false}